fname,time
0.mp4,399
1.mp4,334
2.mp4,315
3.mp4,451
4.mp4,509
5.mp4,1039
6.mp4,588
7.mp4,233
8.mp4,353
9.mp4,319
10.mp4,267
11.mp4,354
12.mp4,488
13.mp4,345
14.mp4,295
15.mp4,261
16.mp4,334
17.mp4,268
18.mp4,430
19.mp4,329
20.mp4,215
21.mp4,228
22.mp4,297
23.mp4,210
24.mp4,502
25.mp4,243
26.mp4,311
27.mp4,573
28.mp4,424
29.mp4,298
30.mp4,421
31.mp4,290
32.mp4,355
33.mp4,368
34.mp4,473
35.mp4,627
36.mp4,445
37.mp4,264
38.mp4,770
39.mp4,423
40.mp4,331
41.mp4,264
42.mp4,373
43.mp4,350
44.mp4,506
45.mp4,333
46.mp4,360
47.mp4,285
48.mp4,293
49.mp4,323
50.mp4,424
51.mp4,547
52.mp4,347
53.mp4,321
54.mp4,261
55.mp4,281
56.mp4,271
57.mp4,274
58.mp4,421
59.mp4,303
60.mp4,366
61.mp4,528
62.mp4,742
63.mp4,279
64.mp4,853
65.mp4,369
66.mp4,537
67.mp4,313
68.mp4,384
69.mp4,223
70.mp4,439
71.mp4,312
72.mp4,325
73.mp4,303
74.mp4,512
75.mp4,413
76.mp4,364
77.mp4,211
78.mp4,296
79.mp4,306
80.mp4,371
81.mp4,338
82.mp4,255
83.mp4,293
84.mp4,284
85.mp4,304
86.mp4,431
87.mp4,291
88.mp4,412
89.mp4,312
90.mp4,317
91.mp4,515
92.mp4,320
93.mp4,216
94.mp4,301
95.mp4,483
96.mp4,470
97.mp4,417
98.mp4,314
99.mp4,424
100.mp4,206
101.mp4,317
102.mp4,460
103.mp4,262
104.mp4,378
105.mp4,339
106.mp4,344
107.mp4,381
108.mp4,323
109.mp4,462
110.mp4,474
111.mp4,409
112.mp4,473
113.mp4,381
114.mp4,458
115.mp4,390
116.mp4,253
117.mp4,234
118.mp4,363
119.mp4,388
120.mp4,427
121.mp4,652
122.mp4,475
123.mp4,459
124.mp4,270
125.mp4,313
126.mp4,441
127.mp4,380
128.mp4,376
129.mp4,289
130.mp4,325
131.mp4,280
132.mp4,364
133.mp4,351
134.mp4,441
135.mp4,381
136.mp4,342
137.mp4,603
138.mp4,352
139.mp4,240
140.mp4,464
141.mp4,257
142.mp4,490
143.mp4,417
144.mp4,359
145.mp4,559
146.mp4,453
147.mp4,414
148.mp4,392
149.mp4,432
150.mp4,320
151.mp4,515
152.mp4,520
153.mp4,477
154.mp4,413
155.mp4,552
156.mp4,453
157.mp4,448
158.mp4,225
159.mp4,492
160.mp4,382
161.mp4,696
162.mp4,267
163.mp4,338
164.mp4,618
165.mp4,630
166.mp4,422
167.mp4,254
168.mp4,359
169.mp4,362
170.mp4,265
171.mp4,349
172.mp4,317
173.mp4,372
174.mp4,306
175.mp4,328
176.mp4,390
177.mp4,304
178.mp4,440
179.mp4,281
180.mp4,396
181.mp4,201
182.mp4,379
183.mp4,366
184.mp4,469
185.mp4,360
186.mp4,348
187.mp4,607
188.mp4,396
189.mp4,438
190.mp4,511
191.mp4,288
192.mp4,392
193.mp4,233
194.mp4,422
195.mp4,232
196.mp4,404
197.mp4,759
198.mp4,851
199.mp4,581
200.mp4,1266
201.mp4,902
202.mp4,672
203.mp4,278
204.mp4,254
205.mp4,320
206.mp4,234
207.mp4,415
208.mp4,418
209.mp4,276
210.mp4,369
211.mp4,262
212.mp4,333
213.mp4,288
214.mp4,364
215.mp4,301
216.mp4,228
217.mp4,492
218.mp4,468
219.mp4,411
220.mp4,375
221.mp4,471
222.mp4,356
223.mp4,331
224.mp4,475
225.mp4,434
226.mp4,204
227.mp4,224
228.mp4,283
229.mp4,250
230.mp4,209
231.mp4,255
232.mp4,334
233.mp4,315
234.mp4,450
235.mp4,293
236.mp4,405
237.mp4,319
238.mp4,238
239.mp4,350
240.mp4,301
241.mp4,208
242.mp4,258
243.mp4,376
244.mp4,333
245.mp4,359
246.mp4,324
247.mp4,268
248.mp4,459
249.mp4,266
250.mp4,245
251.mp4,262
252.mp4,442
253.mp4,371
254.mp4,408
255.mp4,227
256.mp4,376
257.mp4,422
258.mp4,286
259.mp4,260
260.mp4,216
261.mp4,334
262.mp4,227
263.mp4,308
264.mp4,378
265.mp4,287
266.mp4,305
267.mp4,450
268.mp4,378
269.mp4,485
270.mp4,296
271.mp4,416
272.mp4,234
273.mp4,366
274.mp4,222
275.mp4,408
276.mp4,414
277.mp4,275
278.mp4,213
279.mp4,440
280.mp4,500
281.mp4,326
282.mp4,216
283.mp4,347
284.mp4,344
285.mp4,298
286.mp4,335
287.mp4,295
288.mp4,232
289.mp4,317
290.mp4,297
291.mp4,529
292.mp4,260
293.mp4,453
294.mp4,441
295.mp4,317
296.mp4,295
297.mp4,433
298.mp4,320
299.mp4,240
300.mp4,454
301.mp4,316
302.mp4,384
303.mp4,251
304.mp4,427
305.mp4,201
306.mp4,443
307.mp4,537
308.mp4,249
309.mp4,375
310.mp4,442
311.mp4,210
312.mp4,273
313.mp4,331
314.mp4,329
315.mp4,300
316.mp4,338
317.mp4,533
318.mp4,254
319.mp4,417
320.mp4,414
321.mp4,212
322.mp4,265
323.mp4,582
324.mp4,352
325.mp4,380
326.mp4,236
327.mp4,263
328.mp4,433
329.mp4,628
330.mp4,640
331.mp4,574
332.mp4,201
333.mp4,283
334.mp4,388
335.mp4,366
336.mp4,296
337.mp4,278
338.mp4,233
339.mp4,292
340.mp4,337
341.mp4,464
342.mp4,465
343.mp4,328
344.mp4,313
345.mp4,451
346.mp4,528
347.mp4,465
348.mp4,380
349.mp4,431
350.mp4,288
351.mp4,265
352.mp4,220
353.mp4,216
354.mp4,327
355.mp4,367
356.mp4,261
357.mp4,302
358.mp4,512
359.mp4,268
360.mp4,323
361.mp4,321
362.mp4,208
363.mp4,373
364.mp4,321
365.mp4,253
366.mp4,276
367.mp4,344
368.mp4,265
369.mp4,227
370.mp4,216
371.mp4,313
372.mp4,252
373.mp4,443
374.mp4,282
375.mp4,589
376.mp4,221
377.mp4,337
378.mp4,251
379.mp4,276
380.mp4,525
381.mp4,355
382.mp4,251
383.mp4,284
384.mp4,375
385.mp4,302
386.mp4,213
387.mp4,256
388.mp4,322
389.mp4,418
390.mp4,493
391.mp4,506
392.mp4,546
393.mp4,636
394.mp4,296
395.mp4,585
396.mp4,334
397.mp4,342
398.mp4,341
399.mp4,227
400.mp4,242
401.mp4,215
402.mp4,491
403.mp4,252
404.mp4,497
405.mp4,185
406.mp4,283
407.mp4,192
408.mp4,406
409.mp4,210
410.mp4,200
411.mp4,193
412.mp4,296
413.mp4,319
414.mp4,344
415.mp4,314
416.mp4,229
417.mp4,208
418.mp4,265
419.mp4,289
420.mp4,229
421.mp4,277
422.mp4,256
423.mp4,274
424.mp4,222
425.mp4,290
426.mp4,399
427.mp4,309
428.mp4,195
429.mp4,318
430.mp4,231
431.mp4,437
432.mp4,305
433.mp4,372
434.mp4,231
435.mp4,263
436.mp4,431
437.mp4,247
438.mp4,278
439.mp4,377
440.mp4,265
441.mp4,257
442.mp4,380
443.mp4,341
444.mp4,199
445.mp4,372
446.mp4,335
447.mp4,339
448.mp4,235
449.mp4,264
450.mp4,391
451.mp4,331
452.mp4,460
453.mp4,195
454.mp4,318
455.mp4,492
456.mp4,291
457.mp4,337
458.mp4,343
459.mp4,193
460.mp4,344
461.mp4,296
462.mp4,568
463.mp4,420
464.mp4,697
465.mp4,500
466.mp4,367
467.mp4,217
468.mp4,376
469.mp4,431
470.mp4,481
471.mp4,321
472.mp4,433
473.mp4,236
474.mp4,457
475.mp4,1535
476.mp4,1061
477.mp4,871
478.mp4,863
479.mp4,275
480.mp4,1028
481.mp4,898
482.mp4,849
483.mp4,784
484.mp4,226
485.mp4,314
